Name,Math_mark,Physic_mark,Chemistry_mark,Area_mark,Pass_Chance
Skirrow,6.8,6.8,3.6,3,6.7333
Bonwell,1.9,7.6,2.6,3,5.0333
Pippin,1.9,8.3,4.2,5,5.8000
Krink,4.2,3.9,1.2,3,4.1000
Ibert,1.9,6.2,2,1,4.3667
Hunston,7,5.3,4.1,4,6.4667
Gamlen,7.5,10,6.3,5,8.9333
Culwen,6.9,4.5,5.9,5,6.7667
Delamere,4.2,1.9,8,1,5.7000
Stanlock,5.5,9.8,8,2,8.7667
Lumsdale,9,8.7,7.2,1,9.3000
Crowe,1.8,5.5,7.3,4,5.8667
Gypps,4.8,9.5,3.6,1,6.9667
Marczyk,2.7,4.8,4.8,4,5.1000
Purcell,7.7,7.7,1.6,5,6.6667
Lesly,1.5,3.5,8.1,4,5.3667
Goodread,2.1,1.1,3.6,1,3.2667
Mewton,7.9,6.2,3.3,1,6.8000
Oganian,9.9,4.2,7.6,1,8.2333
Cummings,1.1,4.8,4.3,5,4.4000
Aingel,4.2,2.3,6.3,4,5.2667
Meiklam,7.8,7.7,8.9,4,9.1333
Ovitts,6.9,4.1,8.3,1,7.4333
Kordes,2.6,2.1,7,3,4.9000
Wontner,5.5,6.8,4.6,5,6.6333
Bilton,4.3,1.3,7.6,1,5.4000
Dooler,1.1,6.2,9.7,1,6.6667
Danielsohn,4.2,2.5,3.9,1,4.5333
Harwood,4.5,7.3,5.2,4,6.6667
Alder,2.6,6.4,8.2,1,6.7333
Mallya,2.3,2.4,7.9,4,5.2000
Ballchin,9.5,8.8,1.8,2,7.7000
Brannan,4.6,3.1,7.4,2,6.0333
Gainsbury,7.2,3.9,7.7,1,7.2667
Malamore,7.7,5,4.4,1,6.7000
Bril,8.9,3.2,5.2,2,6.7667
Morgue,5.1,4.2,8.6,1,6.9667
Jancic,4.1,9.3,4.9,1,7.1000
Tisor,9.8,4.4,3.3,3,6.8333
Flea,2.7,8.5,8.3,5,7.5000
Shird,5.4,8.6,7.3,3,8.1000
Smallacombe,2.1,6.6,1.2,4,4.3000
Batt,8.3,8.1,3,4,7.4667
Bozier,7.3,7.3,2.4,4,6.6667
Berlin,6.2,9.1,7.7,2,8.6667
Quiddinton,1.1,3,2.1,2,3.0667
Binding,2,8.2,9.1,5,7.4333
Allder,2.8,7.8,6,5,6.5333
Huortic,5.5,6.6,1.1,3,5.4000
Calderon,8,8.4,3.9,2,7.7667
Trodden,5,5.1,3.3,5,5.4667
Woodyer,1.7,8.5,4.1,4,5.7667
Minchin,1.4,8.5,2.2,5,5.0333
Langhorn,7.9,2.7,8.2,4,7.2667
Rust,5.7,8.3,6.6,2,7.8667
Melbourn,4.4,6.9,3.9,3,6.0667
Finnigan,4.2,5.1,1.3,2,4.5333
Livezley,6.4,2.1,1.6,2,4.3667
Lindl,4.7,2.4,6.5,2,5.5333
Gitthouse,3.3,1.1,4.3,3,3.9000
Woolner,5.5,6.7,7.2,5,7.4667
Prestner,5.1,8.5,1.7,1,6.1000
Cholerton,3.8,5.9,6.5,1,6.4000
Baumber,7.8,4.8,4.7,1,6.7667
Schleswig-Holstein,1.8,2.9,8.4,2,5.3667
Donson,2.2,7.1,9.7,3,7.3333
Georgievski,4.8,6.2,2.4,5,5.4667
Presdee,4.8,9.6,2.3,3,6.5667
Tackell,2.8,5.2,7.6,4,6.2000
Gatchell,7.1,4.4,2.7,4,5.7333
Schust,7.8,7.5,2.8,3,7.0333
Donaho,5.7,5.6,8.5,3,7.6000
Noteyoung,6.1,4.2,8.6,2,7.3000
Armitage,6.4,6.1,8.7,4,8.0667
Whittlesey,1.7,5.1,9.9,3,6.5667
Merkle,8.4,3.8,2.6,5,5.9333
Brookhouse,5.3,8.5,8.9,3,8.5667
Beccles,3.8,8.2,5.1,5,6.7000
Feldbrin,9.9,9,7.4,2,9.7667
Facer,9.1,6.7,5.3,5,8.0333
Marron,3.4,2.4,8.5,3,5.7667
Plott,9.7,4.2,6.7,5,7.8667
Mercik,4.2,5.9,5,4,6.0333
Loveridge,5.4,7.1,1.3,5,5.6000
Creffield,9.7,3,9.2,4,8.3000
Christene,3,8.7,7.7,3,7.4667
Chidwick,5.8,7.1,4.2,2,6.7000
Keson,1.2,1.4,8.1,3,4.5667
Rosenfarb,9.1,7.8,7.6,5,9.1667
Curman,4.4,1.1,9.8,4,6.1000
Boc,2.1,5.5,6.3,1,5.6333
Fyfe,8,7.6,5.6,5,8.0667
Beadon,9.7,3.6,3.8,5,6.7000
Lattey,9.5,9.3,4.3,3,8.7000
Coolbear,5,1.8,2.1,4,3.9667
Culvey,5.6,7.7,7.1,5,7.8000
Edgecumbe,5.6,9.7,8,1,8.7667
Goodayle,1.5,3.2,5.7,4,4.4667
Culy,7.8,2.6,4.6,5,6.0000
Spurret,4.2,1.7,2.2,3,3.7000
Pashley,3.7,3.8,2.5,5,4.3333
Crandon,5.1,2.5,9.6,1,6.7333
Yokley,9.8,9.9,2.3,3,8.3333
Cusiter,3.5,8.4,2.2,3,5.7000
Pride,8.1,2.8,7.5,2,7.1333
Gery,6.5,4,2.2,3,5.2333
Beneteau,6.4,9.4,4.8,5,7.8667
Gooderick,5.4,4.9,1.1,3,4.8000
Roseborough,3.8,2.6,4.7,1,4.7000
Fettis,4,7.6,7.4,4,7.3333
Walburn,9,1.6,1.3,5,4.9667
Brechin,3.9,9.6,1.8,2,6.1000
Kermit,8,6.3,7.2,2,8.1667
Tibols,5.9,7.8,8.2,2,8.3000
Pantin,4.8,10,7.1,5,8.3000
Milliken,2.5,8.5,6.8,5,6.9333
Carluccio,5.5,5.7,6.1,5,6.7667
Halbard,7.8,2.7,1.3,1,4.9333
Lidgertwood,2.7,1.5,4.4,2,3.8667
Klee,4,6.9,2.1,1,5.3333
Royds,3.5,5.9,4.8,1,5.7333
Emanuele,4.6,9.6,3.7,5,6.9667
Mucklow,8.4,1.3,9.1,3,7.2667
Gilphillan,5.3,5.6,1.8,1,5.2333
Breagan,3.5,8.8,7.8,2,7.7000
Pautard,3.1,7.3,7.1,5,6.8333
Kleingrub,3.1,6.9,1.4,5,4.8000
Carlon,2,8.5,4.1,1,5.8667
Elderbrant,2.3,5.9,3,1,4.7333
Kenrick,5,3,5.9,3,5.6333
Fry,3.7,3.8,2.7,5,4.4000
Kemble,1.4,2.4,4.1,3,3.6333
Maulden,2,8.5,8.5,2,7.3333
Reichartz,3,9.6,9.2,3,8.2667
Scopham,2.3,7.9,9.4,3,7.5333
Aupol,6.5,6.5,5.5,4,7.1667
Sabati,4.7,6.5,3.5,4,5.9000
Wardhaugh,2.1,3.9,8.5,5,5.8333
Rosengren,6.4,8.1,8.9,4,8.8000
Coo,2,1.6,7.1,2,4.5667
Grinov,7.3,5.8,3.6,5,6.5667
Barwis,8.9,1.6,1.2,5,4.9000
Braganza,5.3,8.8,9.9,4,9.0000
Ewan,7.9,9.7,3.1,4,7.9000
Preedy,7,1.9,2.3,1,4.7333
Lassey,9.6,2.9,3.2,2,6.2333
McQuie,8.4,4.3,3.9,3,6.5333
Le Fleming,2.9,7.6,5.6,3,6.3667
McGinley,6.5,3,3.3,1,5.2667
Lambis,3.8,1.7,8.6,3,5.7000
Verrill,2.4,9.3,1.3,3,5.3333
Goldis,1.8,1.9,2.9,3,3.2000
Hargie,6,2.8,8.5,1,6.7667
Eilhersen,6.1,2.7,8.4,3,6.7333
Maureen,1.5,8.9,4.2,2,5.8667
Ghiotto,5,1.4,5,1,4.8000
Jacklin,6.9,1.6,3.7,5,5.0667
Desseine,3.7,5.5,5.8,1,6.0000
Brazelton,2.1,2.6,5.9,5,4.5333
Sheehy,1.9,8.6,1.2,4,4.9000
Vatini,7.9,3.8,9.5,4,8.0667
Lapworth,8.6,3.2,6.1,4,6.9667
Wincott,6.6,4.5,2.6,5,5.5667
Tuminelli,4,1.6,2.2,5,3.6000
MacCarlich,7.3,4.3,3.2,2,5.9333
Lambal,1.3,1.5,4.5,4,3.4333
De Filippis,9.8,6.7,3,1,7.5000
Hardiman,4,8.3,5.4,4,6.9000
Wilkison,6.8,2.8,2.8,4,5.1333
Doley,3.6,5.6,4.4,1,5.5333
Janny,6.6,2.9,3.4,2,5.3000
Radmore,6.2,2.6,6.2,2,6.0000
Gavriel,2.1,2.6,6.6,3,4.7667
Nyssens,1.6,6.2,3.1,1,4.6333
Grishukov,4.3,7.6,2.9,2,5.9333
Eede,5.1,10,2.7,4,6.9333
Cluse,5.3,3.9,6.1,2,6.1000
Lyne,9.6,7.5,6.1,3,8.7333
Rusk,6.8,5.7,6.9,4,7.4667
Rudolfer,3.2,6.9,9.3,5,7.4667
Cave,5,1.6,7.7,3,5.7667
Eagger,7.3,9.1,1.8,3,7.0667
Warrier,1.5,4.1,2,1,3.5333
Rockliffe,4.4,9.6,4.8,1,7.2667
Yearns,5.2,9.8,8.9,1,8.9667
Longshaw,7,3.7,2.3,2,5.3333
Sliman,8.2,3.7,9.6,1,8.1667
Kyston,2.6,8,9.6,1,7.7333
Oswald,4.9,7,2.5,3,5.8000
Brunskill,3.4,2.4,1.6,2,3.4667
Boyde,7.7,1.1,1.4,2,4.4000
Burnsyde,2.7,2.7,5.1,4,4.5000
Phelit,8.7,6.9,8.4,5,9.0000
Jelks,7.2,8.4,8.9,2,9.1667
Cast,4.1,8.8,1.7,3,5.8667
Turford,6.6,7,3.4,1,6.6667
Gath,2.2,2.6,1.7,1,3.1667
Fewell,7.9,6.5,6.1,4,7.8333
Donaghy,4.8,2.1,4.8,1,4.9000
Benois,6,7.8,5.6,3,7.4667
Athelstan,3.8,8.9,2.8,3,6.1667
Prujean,6.3,3.1,6.6,3,6.3333
Harkus,8.6,2,5.6,5,6.4000
Malyan,3.6,2.8,6.1,1,5.1667
Gioan,7.9,5.7,6.9,4,7.8333
McCarly,2.3,9,7.4,4,7.2333
Farra,7.4,2.8,3.4,1,5.5333
Schimonek,6.2,4.2,9.5,4,7.6333
Chieze,1.8,5.9,3.7,2,4.8000
Whisson,10,3.5,5.3,4,7.2667
Filipyev,2.2,1.1,6.5,5,4.2667
Messent,1.1,2,5,4,3.7000
Vankeev,3.5,4.6,1.7,2,4.2667
Pickrell,4.1,6.2,6.6,1,6.6333
Di Lucia,7.3,1.3,7.1,3,6.2333
Avrasin,1.2,6.6,4.3,1,5.0333
Gray,5.6,7,1.6,1,5.7333
Jagger,6.6,1.7,6.1,5,5.8000
O'Gready,4.9,6.3,3.3,3,5.8333
Ralling,2.6,2,4.3,5,3.9667
Jorck,9.6,5.4,4.9,1,7.6333
Espinas,6.8,9.1,1.1,2,6.6667
Matkin,3.5,8.5,8.5,4,7.8333
Jakolevitch,9.2,2.3,2.7,1,5.7333
Kaysor,5.8,1.9,9.8,5,6.8333
Odegaard,3.7,7.9,2.8,5,5.8000
Mawby,8.4,8.1,8.4,3,9.3000
Bridat,2.4,6.3,8.6,1,6.7667
Pinwell,9.7,7.1,1.2,3,7.0000
Tilburn,9,7.5,5.1,1,8.2000
Tartt,9.8,1.7,8.5,3,7.6667
Flagg,2,5.3,9.2,1,6.5000
Chark,2.7,4.1,5.2,3,5.0000
Dafter,7,6.1,6.8,1,7.6333
Arnoult,2.6,7.9,5.9,3,6.4667
O' Hogan,7,8,6.1,2,8.0333
Fullun,1.4,8.4,9.9,4,7.5667
Lawles,7.9,1.3,9.3,4,7.1667
Klimecki,3.7,2,5.7,4,4.8000
Norssister,2.5,6.8,9.9,4,7.4000
Teather,6.4,7.4,4,4,6.9333
Chaney,2.9,2.5,6.4,2,4.9333
Margach,7.2,9,4.7,5,7.9667
Rothert,7.1,9.6,4.1,1,7.9333
Mullaly,3.4,5.9,4,4,5.4333
Pitkin,3,3.4,9.2,4,6.2000
Karpenya,7.7,7,2.7,5,6.8000
Peachman,3.5,3.2,8.8,3,6.1667
Sherwen,6.5,7.3,4.5,2,7.1000
McKain,5.4,4.6,6.6,1,6.5333
Cessford,7.1,4.6,1.1,3,5.2667
Shoosmith,1.5,7.2,9.8,1,7.1667
D'Antoni,8.4,7.4,6.2,3,8.3333
Linch,1.5,9.7,6.2,5,6.8000
Goodrick,6.7,2.4,4.7,4,5.6000
Penkethman,6.4,7.3,9.8,5,8.8333
Mattack,3.7,6.5,8.5,1,7.2333
Volk,9.4,9.4,6.1,1,9.3000
Heinsh,3,3.3,3.9,3,4.4000
McVicar,4.9,6.8,1.4,4,5.3667
Toffano,2.7,3.4,8.1,1,5.7333
Petre,9.5,1.4,4.6,2,6.1667
Hatherall,3.7,4.3,8.4,2,6.4667
Egdell,6.5,2.9,3.1,5,5.1667
Ebsworth,4.5,6.1,6.7,5,6.7667
Pegg,3.2,3.9,1.6,2,3.9000
Matuszyk,5.6,3.7,8.4,1,6.9000
Grinnov,5.4,5.1,3.6,1,5.7000
Buckthorpe,5.4,1,1.8,4,3.7333
Markie,5.6,3.9,4.2,3,5.5667
Scrogges,3.1,9.3,4,4,6.4667
Barrasse,7.4,2,2.7,1,5.0333
Wingatt,4.3,6.1,8.5,1,7.3000
Badman,2.2,4.8,2.7,4,4.2333
Woodroffe,6.1,9.8,8.3,3,9.0667
Vasilechko,6.4,6.4,10,1,8.6000
Sellen,3.1,5.8,4.8,5,5.5667
Pavitt,3.7,9.7,6.2,5,7.5333
Sidebotham,4.4,3.2,8.3,1,6.3000
De Meyer,2,9.2,7.4,2,7.2000
MacTerrelly,3,8.3,2.2,5,5.5000
Goodman,2.6,6.7,3.7,4,5.3333
Scamadin,4.6,1.7,9.3,1,6.2000
Creese,7.8,8.7,3.7,1,7.7333
Tapscott,5.9,5.9,5,4,6.6000
Embery,9.6,8.9,3.3,2,8.2667
Meysham,2.8,9.8,8.6,3,8.0667
Sallings,3.8,2.5,6.8,5,5.3667
Symcock,7.3,7.5,7.4,1,8.4000
Mallall,8.3,2.3,8.3,5,7.3000
Attwood,2.2,6.9,7.9,2,6.6667
Ffoulkes,4,6.9,3.9,1,5.9333
Guarnier,9.4,4.6,9.9,3,8.9667
Scotti,1.4,7,1.9,3,4.4333
Lineker,8.5,8,3.1,3,7.5333
Raeburn,6.8,5.2,8.9,4,7.9667
Sewter,1,3.6,4.9,3,4.1667
Kliner,5.4,4.6,6.9,4,6.6333
Ravenscroft,3,5.1,5.6,3,5.5667
Sopper,7,7.7,6.1,4,7.9333
Hrus,1.9,3.5,3.4,3,3.9333
Arkin,6.9,9.1,5.3,5,8.1000
Lenham,3.5,4.7,8.2,4,6.4667
Gregh,4.1,5.8,1.4,1,4.7667
Mussolini,1.8,8.2,8.1,4,7.0333
MacTrustram,2.7,2.2,1.8,1,3.2333
Cahalan,7.4,5.4,1.7,5,5.8333
Minithorpe,7,4.1,2.8,4,5.6333
Serchwell,8.6,7,4,1,7.5333
Giacoppoli,3.3,3.9,1.3,4,3.8333
Brevetor,3.7,8.9,2.5,4,6.0333
Pettinger,1.6,3.1,6.9,5,4.8667
Reglar,6.5,8.9,5.6,1,8.0000
Lob,8,9.5,9,5,9.8333
Alcido,6.9,4.1,2,3,5.3333
Pyle,7.2,1.2,7,1,6.1333
Ivanikov,8.8,7.3,4.8,3,7.9667
Pescud,3.2,8.6,5.2,2,6.6667
Yarrell,9.6,9.2,6.7,1,9.5000
Gaunter,8.9,7.5,2.4,5,7.2667
Forrington,9.4,4.3,5.8,1,7.5000
Erdely,4.4,8.2,7.3,1,7.6333
Croall,3.8,4.4,2.2,5,4.4667
Gatherer,4.1,1.3,1.7,1,3.3667
Snelgrove,2.5,3.3,7.5,5,5.4333
Clinch,4.8,5.7,1.1,4,4.8667
Sporle,2.1,1.6,9.3,2,5.3333
Haythorne,9.4,6.6,9.4,1,9.4667
Du Hamel,3.5,5.5,2.8,4,4.9333
Marre,6.5,3.6,3.6,3,5.5667
Chelnam,8.1,5.2,9.3,4,8.5333
Ransbury,9.2,9.4,9.5,3,10.3667
Bertenshaw,2.1,6,3,5,4.7000
Aries,8.3,8.4,1.7,2,7.1333
Sallnow,7.2,9.3,2.3,4,7.2667
Steger,4.2,9.6,1.1,4,5.9667
Linnitt,1.2,6.1,1.7,2,4.0000
Hugill,8.5,5.4,7.3,5,8.0667
Daen,6.5,3.7,4.7,5,5.9667
Sayburn,9.1,4.3,4,5,6.8000
Drewery,2.8,9.6,7.1,4,7.5000
Maddox,6.8,4,8.1,5,7.3000
Genever,7.8,6.8,7.9,4,8.5000
Imrie,5.1,1.2,1,4,3.4333
Ilyukhov,4.2,4.9,5.2,2,5.7667
Scafe,6.6,5.4,8.3,5,7.7667
MacQuist,9.7,8.1,7.1,4,9.3000
Jarmyn,3.8,3.6,7.2,5,5.8667
MacAllester,7.8,8.3,5.1,2,8.0667
Tibbetts,6.9,7.9,8,3,8.6000
Saice,8.6,5.1,2.5,5,6.4000
Colledge,3.6,8.4,7.1,4,7.3667
Dicken,1.4,1.4,4.4,5,3.4000
Dunniom,9.7,6.4,2.6,3,7.2333
Borzoni,3.6,5.7,4.1,1,5.4667
Bickerstaff,9.1,8.2,5.6,2,8.6333
Burdus,4.4,7.4,9.3,4,8.0333
Marner,5.3,7.5,5.9,5,7.2333
Bacon,3.3,4.9,2.2,2,4.4667
Weildish,5.9,10,8.3,1,9.0667
Rutland,8.1,5.9,5.9,5,7.6333
Devitt,6.7,6.1,1.8,2,5.8667
Flawn,7.3,5.3,9.1,4,8.2333
Whitaker,2.6,3.7,5.2,2,4.8333
Korlat,2.2,1.2,1.3,4,2.5667
Carabet,5.3,8.3,8.6,5,8.4000
Molen,9.9,2.4,7.9,5,7.7333
Averill,3.1,3,7.4,4,5.5000
McGowan,8.4,9.6,1.8,2,7.6000
Flavelle,7.6,5.2,3,3,6.2667
Allenson,4.2,5.4,4,1,5.5333
Kunc,4,1.4,7.2,4,5.2000
Hugle,8.3,4.5,3.1,3,6.3000
Santora,7.2,9.4,5.8,4,8.4667
Farmery,2,3.4,9.7,5,6.0333
McNickle,2.1,7.8,9.7,4,7.5333
Sparkwell,1.5,7.6,4.2,4,5.4333
MacLese,6.5,4.7,5.5,4,6.5667
Spivey,8.4,8.6,2.1,3,7.3667
Boyland,2.5,5.3,5.7,5,5.5000
Rogger,1.9,3.7,7.8,1,5.4667
Arnett,4.9,7,6.6,2,7.1667
Cannicott,2.3,7.7,9.1,1,7.3667
Kennagh,2.2,5.5,4.9,5,5.2000
Addicott,4.7,1.7,6.9,1,5.4333
Banting,7.6,4.3,6.7,1,7.2000
Bofield,8.9,2.7,7.2,5,7.2667
Tudgay,9.3,1.7,2.3,2,5.4333
Rodie,7.2,2.8,6.7,5,6.5667
McMurthy,3.4,1.3,9.9,1,5.8667
Shambroke,3.8,6.4,6.9,4,6.7000
Keepe,7.7,4,2.6,4,5.7667
De Marchi,1.2,1.4,9.8,5,5.1333
Michallat,1.5,6.8,5.5,4,5.6000
Arnold,5.1,6.6,1.6,2,5.4333
Gilks,4.3,3.7,4.2,5,5.0667
Dallosso,1.1,9.6,5.5,1,6.4000
Arundel,6.3,5.2,3.3,2,5.9333
Blazej,8.2,5.5,2.7,5,6.4667
Baggot,7.9,6.8,2.5,4,6.7333
Kernan,9.8,5.9,1.2,2,6.6333
Schimank,1.1,2.5,6.8,2,4.4667
Springtorpe,8.5,7.7,3.3,5,7.5000
Carriage,9.1,5.2,2.6,1,6.6333
Merrell,6.2,2.3,9.8,1,7.1000
Gainfort,6.1,9.8,3.3,2,7.4000
Birds,5.2,3.5,9.5,3,7.0667
Vereker,6.5,1.6,9.1,1,6.7333
Grafham,7.8,7.4,1.9,3,6.7000
Martina,2.1,2.4,1.9,4,3.1333
Winfrey,6.9,5.7,5.2,1,6.9333
Dayley,6.6,1.7,6.3,3,5.8667
Itzik,3.6,6.4,6.1,1,6.3667
Kiebes,9.5,3.4,5.7,4,7.2000
Bonicelli,3.7,5.2,8.9,3,6.9333
Bilt,1.6,3,6,2,4.5333
Brian,9.2,2.4,2.2,4,5.6000
Fielder,8.6,3.8,8.6,2,8.0000
Gurr,9.8,5,7.6,1,8.4667
Gillbanks,8.6,2.4,9,1,7.6667
Curzey,7.3,2,5.6,3,5.9667
Peiro,5.6,9.8,1.9,3,6.7667
Jendrach,2.3,7.2,9,5,7.1667
Duffet,7.4,1.2,3.8,1,5.1333
Knott,9.3,1.5,1.7,2,5.1667
Polly,9.5,4.5,7.8,5,8.2667
Worner,8.2,3.7,8.9,3,7.9333
Tooher,2,8.6,4.8,4,6.1333
Worledge,7.9,1.1,4.9,2,5.6333
MacHoste,6,1.3,1.1,1,3.8000
Game,5.9,5.7,4.9,1,6.5000
Petofi,9.2,6,7.6,3,8.6000
Chinnick,6.6,8.6,3.9,2,7.3667
Quick,4.1,4.1,4.2,4,5.1333
Spat,9.1,5,1.7,1,6.2667
Runsey,3.3,4.3,4.4,3,5.0000
Lakeland,5.1,9.6,8.8,2,8.8333
Soane,10,8.1,5.7,1,8.9333
Portingale,9.2,4.3,5.2,4,7.2333
Hugenin,9.6,2.6,7.3,3,7.5000
Swadon,4.8,4.5,6.8,2,6.3667
Westpfel,4.1,2.9,8.1,4,6.0333
Greenman,6.9,8.4,6.6,4,8.3000
Mapes,8.8,3.5,2,4,5.7667
Lutsch,2.7,8.6,1.3,5,5.2000
Vasilchikov,3.1,4.6,2.8,3,4.5000
Ridulfo,8.3,7,7.8,5,8.7000
Croxton,4.7,4,8.3,1,6.6667
Faunch,2.2,4.7,2.9,1,4.2667
Moohan,1.5,1.5,1.5,3,2.5000
Gorler,6,8.6,3.9,2,7.1667
Densham,9.5,8.2,2.3,5,7.6667
Chin,6.6,5.8,2.5,4,5.9667
Bytheway,6.1,9.9,9.6,5,9.5333
Maybury,3.2,8.2,5.8,2,6.7333
Beebis,5.2,8.4,7.4,4,8.0000
Nimmo,6.1,9.3,10,1,9.4667
Gentreau,5.8,7.9,4.9,1,7.2000
Whysall,6.7,8.4,5.7,1,7.9333
Godehard.sf,3.3,5.4,8.8,3,6.8333
Jelfs,3.9,1.2,4.2,4,4.1000
Melross,8.1,9.2,2,3,7.4333
Iggulden,8.1,1.1,7.2,2,6.4667
Chillistone,4.8,9.8,5.3,2,7.6333
Gillanders,9.8,9.7,1.3,1,7.9333
Stonehouse,7.3,2.3,2.4,5,5.0000
Omrod,3,6.2,3.8,1,5.3333
Lenchenko,5.1,4,9,2,7.0333
Plaide,4.2,2.6,7.4,2,5.7333
Terrans,2.4,8.4,5.6,4,6.4667
Van den Dael,6.1,1.4,7.5,2,6.0000
Alwin,1.9,8.4,2.5,1,5.2667
Tanby,3.8,3.4,2.3,1,4.1667
Scamadin,3.8,7,7.4,5,7.0667
Cholerton,8,7.7,6.4,3,8.3667
Matura,4.6,8.7,4.6,2,6.9667
Sainter,8.7,4.8,1.2,3,5.9000
Castillon,3.2,1.6,8.6,5,5.4667
Lourenco,8.6,5.6,7.9,1,8.3667
Creus,3.9,1.6,8.7,4,5.7333
Lampet,9.5,3.4,8.2,1,8.0333
Clitsome,6.9,6.9,1.5,1,6.1000
Paice,4.2,2.5,3.3,5,4.3333
Petrello,6,9.7,3.6,4,7.4333
Seale,3.4,4.9,4,4,5.1000
Ballance,3,8.8,3.3,3,6.0333
Pratten,7.1,9.2,1.7,3,7.0000
Kettridge,7.9,8.7,3.6,4,7.7333
Boar,3.8,1.9,4.7,3,4.4667
Sjollema,8.8,1.2,7.2,3,6.7333
Elcome,1.3,2.9,6,2,4.4000
McCorrie,6.3,2.8,9.9,5,7.3333
Orrill,5.9,3.7,8.9,3,7.1667
Knobell,4.7,2.6,7.5,5,5.9333
Dewick,1.8,6.8,3.8,4,5.1333
Crippell,1.5,8.8,9.1,2,7.4667
Biskup,5.1,5.3,3.9,4,5.7667
Willmont,5.9,6,6.1,2,7.0000
Halleday,9.9,2,1.8,2,5.5667
Temprell,5.6,10,9.4,4,9.3333
Ville,7.3,6.5,5,1,7.2667
Aujouanet,8.3,6.5,6.6,5,8.1333
Paszak,8.9,1.5,8.8,3,7.4000
Fawke,2.7,8.1,2,3,5.2667
Le Franc,4.8,1.9,9.3,2,6.3333
Abilowitz,6,2.8,7.4,5,6.4000
Percifull,7.6,6,7.1,5,7.9000
Klaves,5.1,7.9,9.2,1,8.4000
Greensmith,4,8,2.1,3,5.7000
Antonescu,8.6,3.5,5.2,5,6.7667
Kaufman,5.6,8.6,3.8,3,7.0000
Eliot,8.1,7.4,1.5,5,6.6667
McFaul,6.8,6.1,9.3,5,8.4000
Mogenot,4.2,5.7,7.4,3,6.7667
Pevie,5.1,1.4,4.8,5,4.7667
Kalker,5.2,7.8,4.6,2,6.8667
Samett,9.7,5.2,1.2,2,6.3667
Oak,2.7,2.5,5.1,3,4.4333
De Benedictis,9.4,4.4,2.1,5,6.3000
Roxbrough,5.2,5.3,6,2,6.5000
Giovannardi,8.4,4.4,1.6,3,5.8000
Scimonelli,8.5,6.4,3.5,2,7.1333
Lanfear,4.9,9.7,4.3,1,7.3000
Gauvain,5.2,9.5,8,4,8.5667
Agglio,4.5,2.4,7.5,2,5.8000
Liddle,7.8,4.9,5.5,4,7.0667
Galea,5.5,3,1.7,5,4.4000
Khristyukhin,7,8.3,6.9,3,8.4000
Lerer,8.2,1.7,8.6,5,7.1667
Forgan,3.4,4.7,2.3,1,4.4667
Harrell,6.3,9.5,2,5,6.9333
Scard,5.9,5.6,9.5,2,8.0000
Keetch,7.8,3.9,5.3,2,6.6667
Coupe,4.6,9.3,4.4,5,7.1000
Jurisic,1.2,2.1,8.5,2,4.9333
Fanshawe,5.9,4.2,5.4,3,6.1667
Capon,7.2,4.2,2.1,5,5.5000
Fluit,1.2,9,4,1,5.7333
Murt,2.3,5.6,3.1,4,4.6667
Cohani,2.9,3.3,6.4,4,5.2000
Maps,6.3,1.8,1.9,3,4.3333
Lindsey,8,3.1,2.1,5,5.4000
Theaker,4.9,8.1,6.3,5,7.4333
Greenleaf,8.1,9.7,2.4,3,7.7333
Morrill,9.8,8.9,2.5,1,8.0667
Poundsford,9.2,1.8,5.3,3,6.4333
Trippick,4.8,3.2,6.7,5,5.9000
Maddern,8,3.5,1.4,2,5.3000
Boorn,7.6,5.3,6.2,2,7.3667
Goodered,7.7,4.2,9.3,3,8.0667
O'Glessane,2.4,7,1.3,5,4.5667
Ace,6.2,8.7,9.2,4,9.0333
Mathonnet,3,7.3,9.8,5,7.7000
Wilkowski,6.4,7,2.8,4,6.4000
Iacomelli,2.2,7.8,8.9,1,7.3000
Mockes,2.9,4.4,5,5,5.1000
Jaher,7.2,8.8,2.2,3,7.0667
Swindall,5,4.1,7.5,4,6.5333
Lowres,1.4,7.5,9,1,6.9667
Poizer,2.2,2.2,1.4,2,2.9333
Bompass,3.7,6.1,9.9,3,7.5667
Cutforth,4.4,4.5,3.9,2,5.2667
Trusse,1.8,2.9,1.6,4,3.1000
Betjeman,4,9.1,4.6,3,6.9000
Gerran,7.3,3.6,2.1,1,5.3333
Townsend,4,6.4,3.4,3,5.6000
Soar,3.2,10,9.1,3,8.4333
Stanborough,2.1,5.4,3.6,3,4.7000
Nunn,5.5,7.4,4.9,5,6.9333
Petyt,7.3,9.7,5,5,8.3333
Loseke,7.7,6.2,5.7,2,7.5333
Neilands,4.2,1.6,6.2,4,5.0000
Toten,3.1,2,2.1,2,3.4000
Aldersley,10,8.1,3.4,5,8.1667
Elstow,4.7,7.5,9.8,1,8.3333
Self,4.8,7.7,5.7,3,7.0667
Eyres,2.1,6.8,7.5,2,6.4667
Allebone,9.3,5.1,3.3,4,6.9000
Slateford,7.7,3.4,7.2,4,7.1000
Rawles,10,4.3,6.2,5,7.8333
Schruur,6.8,7.5,1.1,1,6.1333
Lepard,4.5,8.1,4.8,1,6.8000
Tattam,1.5,4.7,3.8,4,4.3333
Adamsen,3.6,4.1,5,4,5.2333
Hathorn,5.8,7.7,1.8,3,6.1000
Prout,8.3,2.5,3.2,1,5.6667
Gillyett,1.2,6.6,9.3,4,6.7000
Hurles,9.8,8,1.6,4,7.4667
Prewett,5.1,9.9,1.2,3,6.4000
Jinda,6.7,6.7,3.7,1,6.7000
Ferrari,8.9,8.2,2,1,7.3667
O'Neal,6.8,4.9,9.7,4,8.1333
Leheude,9.8,3.8,7.9,5,8.1667
Reimer,2.6,9.8,3.6,1,6.3333
Stobie,7.8,8.8,2.7,1,7.4333
Foottit,5,1.8,7.8,5,5.8667
Winstone,2.2,6.7,6.3,4,6.0667
Poyser,3.2,4.5,3.1,2,4.6000
Rowsel,1.4,6,7.9,5,6.1000
Pfeifer,1.4,5.7,5.5,2,5.2000
Gillhespy,4.1,3.8,4,4,4.9667
de la Tremoille,8.3,4.5,7.6,2,7.8000
Semper,9.3,5.7,7.6,1,8.5333
Boriston,8.3,6,1,3,6.1000
McMeanma,3.6,3.3,7,2,5.6333
Claris,2.1,1,7.2,4,4.4333
Niesel,6.9,8.3,3.7,2,7.3000
Wandrey,9.3,1.7,7.9,5,7.3000
Golland,6.4,3.5,9.8,3,7.5667
Allison,4.8,6.4,3,1,5.7333
Grist,8.5,7.4,3.9,1,7.6000
Kidston,8.1,2.9,7.4,2,7.1333
Cinavas,4.1,8.3,1,2,5.4667
MacKegg,1.4,8.7,4.1,2,5.7333
Allin,6.1,5.3,7.5,2,7.3000
Franzolini,2.6,8.5,9.1,2,7.7333
Rimer,4.2,7.6,4.3,4,6.3667
Basey,4.5,6.6,2.9,4,5.6667
Benadette,4.5,2.4,5.9,3,5.2667
Martinho,3.1,3.4,3.4,3,4.3000
Maggs,4.6,8.5,7.6,5,7.9000
Merrien,9.4,8.6,6.6,2,9.2000
Dowsey,8.8,1.4,4.2,5,5.8000
Terese,4.2,4.1,4.6,5,5.3000
Brooking,6.6,1.2,8.2,5,6.3333
Rosling,7,4.2,5,2,6.4000
Booker,7,3.3,1.3,5,4.8667
Champagne,6.7,3.6,4.8,1,6.0333
Meeking,4.7,2.9,8.5,1,6.3667
Naptine,6.7,8.6,9.4,5,9.2333
Hallut,7.4,4.7,1.6,2,5.5667
Macklam,1,8.7,6.8,5,6.5000
Treadway,1.2,3.5,6.2,2,4.6333
Bocken,3,7.9,6.4,3,6.7667
Lening,2.2,5.6,6.6,3,5.8000
Barcke,3.2,6.4,2.8,5,5.1333
Twining,7.1,6.9,6.4,1,7.8000
Ledes,2.5,2.3,9.8,5,5.8667
Gibby,1.1,2.5,2.8,5,3.1333
Whacket,7.8,4.6,6.3,3,7.2333
Sikora,2.5,6,6.3,4,5.9333
Budcock,8,8.4,4,4,7.8000
Stolte,3,6.7,2.1,3,4.9333
Eble,3.1,5.9,3.8,1,5.2667
Burbury,8.4,1.6,8.9,3,7.3000
Barter,6.7,7.5,1.8,5,6.3333
Bluett,3.3,5.6,5.4,5,5.7667
Braisted,3.3,5.2,1.4,4,4.3000
Brotherhood,3.8,7.3,6.7,2,6.9333
MacGall,5,2.8,5.3,3,5.3667
Tuberfield,3.1,1.8,1,5,2.9667
Yewen,2.5,7,4.5,4,5.6667
Shrieves,9.1,7.8,4.2,3,8.0333
Medina,2.3,8.5,8.7,5,7.5000
Gill,6.1,7.5,8.4,4,8.3333
Prazor,8.3,6.7,9.6,2,9.2000
Zambon,7.9,2.9,4,1,5.9333
Rockhill,8,6.7,4.9,5,7.5333
Ridel,3.3,4,3.1,5,4.4667
Nano,5.7,1.7,7.8,4,6.0667
Greeno,9.1,1.7,1.7,2,5.1667
Gabel,8.6,2.9,4.9,5,6.4667
Heinlein,7.3,6.1,3.1,4,6.5000
Ferruzzi,3.3,2.4,6.9,2,5.2000
Penquet,7.1,6.3,4.1,1,6.8333
Andreacci,2.3,6,9.5,4,6.9333
Jentle,3,4,1.6,5,3.8667
Olford,3.4,7.3,3.3,1,5.6667
Drabble,5.9,5.6,2.5,1,5.6667
McPartling,2.7,4.2,2.1,2,4.0000
Hub,5.1,8.5,8.2,3,8.2667
Beckworth,5.5,7.5,6.1,4,7.3667
Elphinstone,2,4.2,5.9,3,5.0333
Suffield,4.6,9.9,1.4,1,6.3000
O'Kielt,3.1,7.6,9.9,4,7.8667
Peirazzi,7.3,7.9,3.5,5,7.2333
Thowes,6.2,4.7,5.3,4,6.4000
Deddum,3.2,5.7,1.3,4,4.4000
Thomen,9.8,3.5,3.8,1,6.7000
O'Feeney,7.5,6.7,2.4,4,6.5333
Bauser,6.8,3.3,7.3,3,6.8000
Sergent,1.7,9.4,3.7,3,5.9333
Winscomb,1.5,6.6,8,5,6.3667
Butterwick,3.2,7.9,1.2,2,5.1000
Klimsch,1.5,2.9,3.9,1,3.7667
Brawley,7.2,8.3,8.3,4,8.9333
Jeppensen,7.3,7.1,5.4,5,7.6000
Elcocks,6.9,5.2,2.5,3,5.8667
Simonutti,2.5,3.1,7.8,1,5.4667
Blizard,3.4,7.3,9.5,3,7.7333
Shales,8.1,5.7,8.9,3,8.5667
Stirton,2.6,3.3,3.8,4,4.2333
Leynham,1.8,4.7,3.1,3,4.2000
Barbisch,1.9,3.4,5,1,4.4333
Rawsthorne,3.7,10,7.5,2,8.0667
Wigfall,6.9,1.4,4.6,5,5.3000
Kinane,10,4.2,8.6,1,8.6000
Broscombe,3.8,5.4,1.2,3,4.4667
Trahair,7.9,9.6,8.5,5,9.6667
Ruppelin,2.6,3.1,7.8,3,5.5000
Purdy,5.3,3.8,8.3,2,6.8000
de Amaya,3.7,2.4,1.5,2,3.5333
Serotsky,4.4,1.8,7.2,2,5.4667
Powrie,5.7,6.3,1.3,3,5.4333
Simpole,1.1,8.5,7.9,4,6.8333
Astley,5.6,6.9,5.7,5,7.0667
Spillman,1.7,1.4,1.6,2,2.5667
Sirrell,7.5,4,2.6,3,5.7000
Marcombe,5,7.4,9.5,1,8.3000
Loton,9,7.2,8.6,3,9.2667
Terrill,10,3.1,2,4,6.0333
Alvaro,8.2,3,1.5,5,5.2333
Schall,5.7,7.9,8.8,1,8.4667
Murie,1.5,4.1,9.9,4,6.1667
Janks,3.6,6.8,3.8,3,5.7333
Reolfi,8.3,7.2,2,2,6.8333
Buttrum,4.5,5.9,7.8,5,7.0667
Menhci,3.3,2.6,2.3,5,3.7333
Ellwood,1.5,1.9,3.8,5,3.4000
Rothera,8.6,9.5,6.7,5,9.2667
Sego,2.4,6.1,5,5,5.5000
Sayers,7.9,2.6,3.8,2,5.7667
Enterle,3.1,6.2,9.3,4,7.2000
Fromant,1.7,9.8,1.7,2,5.4000
Jermin,4.4,8.9,3.9,5,6.7333
Curnick,6.9,3.3,7.6,1,6.9333
Rothschild,7.1,4.8,4.3,4,6.4000
Bromley,3.6,3.5,5.1,1,5.0667
Farris,4.8,6.3,7.8,4,7.3000
Kennedy,1.4,9.8,3.8,5,6.0000
Gethouse,4.4,7,1.3,4,5.2333
Wenham,1.4,9.4,7.1,4,6.9667
Kidner,2.7,3.7,5.3,1,4.9000
Alvarez,7,3.1,6.8,1,6.6333
Heatly,5.6,1.5,9.9,4,6.6667
Leathe,4.2,8,8.1,2,7.7667
Wrey,6.9,6,4.7,3,6.8667
Alekseicik,8.9,7,9.6,3,9.5000
Timmis,9.4,1.2,5,4,6.2000
Hinrich,6.7,2.3,2.8,1,4.9333
Tomblett,7.2,8.2,6.4,3,8.2667
Crassweller,2.9,3.3,4.6,2,4.6000
Rolin,5.3,4.7,8.9,1,7.3000
Hinkes,8.1,8.6,8.1,5,9.2667
Grady,2.6,5.1,4.2,2,4.9667
Shutler,8.6,8.5,4.5,5,8.2000
Tottman,8.2,6.7,3.4,2,7.1000
Caselli,6.3,6,8.2,3,7.8333
Vize,6.1,5,3.3,1,5.8000
Legging,9.3,6.1,6.3,1,8.2333
MacNeely,4.2,1.8,2.2,3,3.7333
Latter,7.2,2.3,4.7,2,5.7333
Rotchell,1.3,6.7,9.1,5,6.7000
Swanson,7,8.2,4.9,2,7.7000
Craigmile,2.9,2.7,5.8,4,4.8000
Sibyllina,4.3,5.3,3,4,5.2000
Scothorne,9.5,4,8.5,2,8.3333
Twaits,1,2.7,4.3,5,3.6667
Nacci,5.6,7.3,2.6,2,6.1667
Brede,3.7,1.5,5.7,4,4.6333
Scrivens,7,9.9,9.4,3,9.7667
Ragdale,6.5,1.2,4.2,1,4.9667
Getch,8.3,4.2,2.4,3,5.9667
Wombwell,3.9,8.8,2.2,3,5.9667
Stiven,4.7,8.3,1.5,1,5.8333
Fendlen,3.9,8.7,3.9,5,6.5000
Eisenberg,7.3,6.5,4.3,1,7.0333
Kiossel,3.1,2.4,5.8,2,4.7667
Genever,7.2,4.4,2.1,3,5.5667
Hawkett,7,9.2,5.9,3,8.3667
Poundsford,6.7,5.7,5.1,1,6.8333
Beange,3.1,9.5,8.1,3,7.9000
Janczewski,8.2,4.2,4.2,4,6.5333
Mattack,9,3,3,1,6.0000
Pretorius,5.2,1.8,8,4,6.0000
Lainge,7.3,6.7,4.4,5,7.1333
Copnall,7.5,4.6,8.7,5,7.9333
Klemensiewicz,9.6,9.9,4.7,1,9.0667
Gobell,4.1,3.2,5.1,3,5.1333
Bulcock,7.2,9.3,5.1,2,8.2000
Sennett,8,7.5,5.5,5,8.0000
Hembling,7.7,4.9,9,1,8.2000
Vannozzii,3.2,1.1,5.4,2,4.2333
Philcott,3.2,7.8,2,5,5.3333
Savoury,1.6,2.9,4,1,3.8333
Geator,7.5,6.6,8.1,4,8.4000
Fiddian,5.3,6.7,6.8,2,7.2667
Jeffreys,3.5,9.7,4.6,1,6.9333
Clohessy,1.5,1.4,6.4,3,4.1000
Piser,3.4,5.8,6.8,2,6.3333
Benza,5.1,9.9,4.3,3,7.4333
Mattys,9,4.8,9.5,3,8.7667
Trangmar,1.9,9.3,2.6,2,5.6000
Zannotelli,3,8.5,4.7,5,6.4000
Yankeev,4.6,1.5,8.9,5,6.0000
Roumier,5,5.9,9.4,3,7.7667
Angeau,7.9,6.6,6,1,7.8333
Kissell,9.5,8.7,1.5,5,7.5667
Tudge,3.5,2.8,2.5,4,3.9333
Frapwell,9.9,4.7,8.1,5,8.5667
Winspeare,1.9,2.3,7.3,5,4.8333
Rubenczyk,1.2,3.7,1.2,1,3.0333
Skeemor,9.3,5.6,3.4,2,7.1000
Dawber,2.5,7.2,7.3,4,6.6667
Pymer,8.2,4,4.4,5,6.5333
Larchier,10,6.5,2.3,5,7.2667
Vagg,2.1,4.4,3.3,1,4.2667
Emms,6.3,9.5,1.7,5,6.8333
Camplejohn,3.1,6.8,9.9,5,7.6000
Fasse,3.2,5.3,5.7,3,5.7333
M'Barron,2.1,7.6,7.9,4,6.8667
Szymaniak,9.4,6.1,6.6,5,8.3667
Baccas,4.2,6.9,5.5,3,6.5333
Margeram,7.5,5.7,4.7,4,6.9667
Sargint,8.1,1.5,7.8,5,6.8000
Kellen,6.2,1.1,5.8,1,5.3667
Rockingham,3.2,6.3,2.2,1,4.9000
Binnion,8.5,1.1,3.9,2,5.5000
Cline,4.7,9.1,2.7,5,6.5000
Cousans,8.2,5.6,6.8,1,7.8667
Olliver,1.4,8,2.8,5,5.0667
Garoghan,1.6,5.2,2.8,5,4.2000
D'Elia,2.4,5.5,2.4,4,4.4333
Echalie,5.2,3.2,5.5,5,5.6333
Syplus,8.3,7,7.3,4,8.5333
Galsworthy,9,7.3,3.5,5,7.6000
Collie,8.3,9.7,4.8,4,8.6000
Gear,2.8,8.6,6.3,2,6.9000
Riding,1.6,3,6.2,2,4.6000
Vince,5.8,4.8,4.1,3,5.9000
Cawdron,6,8.8,7.6,2,8.4667
McGuggy,1.7,4.4,6.7,3,5.2667
Lapham,1.4,4.4,5.2,5,4.6667
Prandin,5.5,9.2,3.3,1,7.0000
Whitney,3.8,6.1,6.4,4,6.4333
Dowbekin,7.5,6.6,9.9,4,9.0000
Haxbie,4.9,2.5,5.7,3,5.3667
Hellin,3.4,7.5,1.7,5,5.2000
Jakab,3.3,3.9,9.5,1,6.5667
Whife,5.7,8.6,9.8,4,9.0333
Leask,4.4,8.9,5.1,5,7.1333
Elderbrant,1,5.6,9.8,3,6.4667
Hollibone,4.4,8.9,8.2,1,8.1667
McCurry,9,5.2,6.3,3,7.8333
Nunnery,3.8,8.2,9.9,3,8.3000
Lilleyman,3.7,3.2,6.2,3,5.3667
Brachell,8.3,2.1,7.7,5,7.0333
Kittiman,2,9.4,6.6,4,7.0000
Elner,7.9,3.2,2.1,2,5.4000
Bloxam,9.4,5,7.1,4,8.1667
Wimbush,7.3,7.6,2.4,1,6.7667
Chamberlain,4,8.1,3.1,3,6.0667
Jadczak,5.7,3.7,1.7,1,4.7000
Harriot,1.3,9.4,7.2,3,6.9667
Sarney,1.5,1.4,2.3,2,2.7333
Yearron,3.1,5.1,9.5,2,6.9000
Clemanceau,7.6,2.9,4.9,5,6.1333
Thwaite,3.9,5.5,3.4,5,5.2667
Sotheby,7.3,2.7,1,1,4.6667
Petrie,2.6,6,3.1,5,4.9000
Rosina,9.2,2.2,4.1,5,6.1667
Shave,3.4,8.6,1.4,2,5.4667
Skirving,6.7,9.3,7.3,3,8.7667
Carine,3.1,1.2,3,2,3.4333
Selvester,8.5,6.9,2,1,6.8000
Mackilpatrick,4.2,3.8,4.9,5,5.3000
Ghest,7.4,2.6,4.8,3,5.9333
Lorie,7,4.3,6.8,2,7.0333
Catlette,6.7,5.1,2.7,2,5.8333
Kintish,8.3,4.3,4.3,4,6.6333
Rigard,2.2,6.5,1.7,4,4.4667
Holhouse,5.3,3.8,2.2,3,4.7667
Doogan,6.4,5.6,6.8,1,7.2667
Ornelas,2.4,1.3,6.8,1,4.5000
Corlett,4.4,8,4.8,3,6.7333
Biers,8.7,5.2,1.9,4,6.2667
Colenutt,6.7,4,6.9,3,6.8667
Prator,3.8,2.6,8.9,2,6.1000
Vanini,8,4.7,4.7,2,6.8000
Izac,8.8,3.5,8.8,3,8.0333
Doy,9.4,2,9.1,4,7.8333
Standidge,3.4,5.5,4.4,1,5.4333
Hamby,3.1,1.2,9.3,4,5.5333
Wickman,2.4,6.3,5.2,5,5.6333
Wildash,6.2,9,4.4,2,7.5333
Winterbotham,7.7,4.6,4.9,5,6.7333
Stanlick,9,8.7,3,1,7.9000
Penzer,6.9,6.9,6.6,1,7.8000
Rooper,9.3,3.5,2.9,2,6.2333
Meaker,2.9,2.6,6.1,3,4.8667
Brasse,7.6,9.9,4.9,1,8.4667
Carslake,8.4,5.3,2.1,1,6.2667
Payze,1.6,7.9,9.3,5,7.2667
Filipson,4.2,7.6,5.6,3,6.8000
O'Flannery,4.4,4.5,5.5,3,5.8000
Beves,9.4,2.3,2.8,5,5.8333
Ros,6.7,2.8,4.7,1,5.7333
Jacobbe,8.1,8.7,8.8,5,9.5333
Cheek,3.4,4.9,9.9,3,7.0667
Reside,9.6,9.1,8.1,1,9.9333
Fibbit,1.1,1.6,6.7,2,4.1333
Detoc,7.7,4.7,7.5,4,7.6333
Astlett,3.5,9,7.5,4,7.6667
Ginnell,3.8,5.2,1.8,4,4.6000
Filov,1.2,2.4,5.2,5,3.9333
Jubert,3.5,1.2,2,5,3.2333
Belasco,3.5,4.2,9.1,5,6.6000
Gravells,7,5.8,9.3,4,8.3667
Longland,8.4,7.9,7.5,1,8.9333
Korneichuk,8.8,4.5,9.6,4,8.6333
Athey,7.4,3.6,6.2,1,6.7333
Matejka,1.4,8.9,4.7,4,6.0000
Field,8.4,3.8,2.3,3,5.8333
Wesgate,2.2,8.8,6.7,4,6.9000
Stockall,1.4,1.8,6.3,1,4.1667
Warwicker,5.2,3.2,9.5,1,6.9667
Woltman,9.4,9.1,9,1,10.1667
Spracklin,4,9.9,4.5,2,7.1333
Visick,2.6,5.3,7.6,3,6.1667
Whieldon,3.7,6.9,8.1,5,7.2333
Tynemouth,8.2,1.2,9.8,2,7.4000
Scalia,6.2,4,5.7,5,6.3000
Dreghorn,4.6,9.4,7.9,3,8.3000
Akerman,3.4,9,9.8,5,8.4000
Gaitone,2,5,6.7,3,5.5667
Stailey,7,8.1,7.3,4,8.4667
Grayer,9.2,8.2,8.2,3,9.5333
Breen,1.9,8.2,7.5,3,6.8667
Foxton,7.2,3.5,7.5,2,7.0667
Comellini,1.5,2,9.8,5,5.4333
Riding,6.2,1.8,4.4,3,5.1333
Feron,1.4,3.7,8.8,3,5.6333
Dyka,1.9,6.5,3,2,4.8000
Renzo,3.4,9.5,3.4,1,6.4333
Zylberdik,4.8,7.5,8,1,7.7667
Azam,3.3,2.7,4.8,5,4.6000
Corder,4.7,4.8,3.1,5,5.2000
Tanner,5,1.7,7.4,2,5.7000
Hussey,9.2,8.7,1.4,3,7.4333
Cristea,9.5,4.8,8.7,5,8.6667
Vero,6.9,5.5,7.4,2,7.6000
Gwalter,2.2,9.2,3.5,3,5.9667
Richardson,4.5,1.4,6.4,1,5.1000
Roskell,8.4,4.7,6.8,5,7.6333
Feldstern,4.9,7.2,7.7,2,7.6000
Couroy,4.5,9.4,8.1,2,8.3333
Handslip,6.8,2.5,9,2,7.1000
Merrikin,7.8,8.5,6.4,4,8.5667
Jamrowicz,7.1,6.1,8.2,1,8.1333
Dutnell,2.4,1.7,3.5,3,3.5333
Lankford,2.9,3.2,8.5,3,5.8667
Roast,3.7,3.5,8.8,2,6.3333
Jodlowski,1,9.9,2.6,2,5.5000
Kentish,2.9,9.9,5.8,5,7.2000
Wildash,5.3,3.7,8.8,5,6.9333
Marcu,4.1,2,5.5,2,4.8667
Iacovino,7.7,5.4,6.4,5,7.5000
Mardoll,8.9,1.6,1.9,5,5.1333
Leighton,4,4.4,7,5,6.1333
Scouse,8.4,8,8,2,9.1333
McFeate,7.5,9.3,6.8,4,8.8667
Skelhorn,5.8,6.8,2.5,2,6.0333
Webermann,2.9,4.2,6.7,4,5.6000
Chappelle,3.3,4.9,3.5,4,4.9000
Kryszka,8.8,9.5,9.9,4,10.4000
Mussolini,6.5,6.1,2.4,5,6.0000
Walne,7.2,2.6,3.4,5,5.4000
Parlor,6,3.6,3.9,5,5.5000
Stockwell,6.8,8.9,4.1,5,7.6000
Nugent,8.1,6.6,4.6,3,7.4333
Scamp,4.2,3.3,9.1,1,6.5333
Skehens,2.9,2.3,3.9,1,4.0333
Sarsfield,5.6,5.6,8.9,2,7.7000
Proudlock,4.1,6.8,2.2,3,5.3667
Satchel,10,5.3,6.8,2,8.3667
Bleiman,9.6,3.5,8.5,2,8.2000
Fuchs,5.8,7.2,8.4,2,8.1333
Payn,2.5,9.3,3.2,4,6.0000
Henbury,5.1,4,3.4,2,5.1667
O' Sullivan,8.5,3,5.4,1,6.6333
Sylett,9.1,1.5,2.2,5,5.2667
McAirt,5.7,8.3,3.8,1,6.9333
McKague,4,1.1,2.8,5,3.6333
Abisetti,5.2,1.1,6.1,5,5.1333
Vasquez,5.6,6.3,8.3,1,7.7333
O'Donoghue,4.1,3.6,5,1,5.2333
Keysel,5.3,1.7,9.8,5,6.6000
Morecomb,7.3,6.2,2.2,4,6.2333
Whitrod,1.2,6.9,2.8,2,4.6333
Matherson,2,5.6,8.1,4,6.2333
Rudeforth,1.8,7.9,1.7,4,4.8000
Angood,9.4,9.3,5.7,5,9.1333
Genthner,1.1,6.2,3,2,4.4333
Baggott,7.6,2.1,1.6,2,4.7667
Fontaine,3.4,5.5,5.4,1,5.7667
Korbmaker,6,1.3,5.9,4,5.4000
Nozzolinii,9.6,5.3,3.8,1,7.2333
Bartolommeo,8.8,9.8,6.6,4,9.4000
Jenicek,1.2,9.2,9.6,1,7.6667
Petticrow,6.3,6.6,7.8,1,7.9000
